Z,track_ID,latitude,longitude,bit_rate,duration,track_listens,acousticness,danceability,energy,instrumentalness,liveness,speechiness,tempo,valence,artist_hotttnesss,artist_discovery,artist_familiarity,senti neg,senti pos,popular
34,27565,0,0,229810,185,1589,0.818466783,0.545501829,0.62510243,0.814519913,0.111942677,0.049287698,159.946,0.715082674,0.258233,0.247188571,0.183638,0,0,1
35,27566,0,0,265217,210,841,0.938800252,0.794586143,0.781781693,0.950473252,0.109731414,0.049823135,103.037,0.763163427,0.258233,0.247188571,0.183638,0,0,0
36,27567,0,0,260212,219,1049,0.974837979,0.838317095,0.822948022,0.959765105,0.157525727,0.079854543,124.098,0.962944471,0.258233,0.247188571,0.183638,0,0,0
37,27568,0,0,232165,174,838,0.563119222,0.550217999,0.713832273,0.759101771,0.116565771,0.034225151,145.058,0.767050101,0.258233,0.247188571,0.183638,0.756,0,0
38,27569,0,0,218680,155,746,0.96057674,0.897166674,0.517933159,0.938426025,0.123022193,0.31074678,137.958,0.97585583,0.258233,0.247188571,0.183638,0,0,0
39,27570,0,0,235401,171,902,0.357426557,0.725810412,0.938011479,0.849783592,0.087794671,0.071517154,133.076,0.855111061,0.258233,0.247188571,0.183638,0,0,0
40,27571,0,0,229557,205,912,0.089938952,0.575616205,0.922455009,0.649712959,0.353062142,0.057471146,165.106,0.89808389,0.258233,0.247188571,0.183638,0,0,0
41,27572,0,0,180311,174,1417,0.001615242,0.339001268,0.995166558,0.190727144,0.121624682,0.08002295,108.461,0.849798447,0.258233,0.247188571,0.183638,0,0.545,1
42,27573,0,0,263747,151,1709,0.911055356,0.665810203,0.969149769,0.952696397,0.113023205,0.105210398,175.027,0.847034327,0.258233,0.247188571,0.183638,0,0,1
43,27574,0,0,260829,172,1145,0.904076748,0.83638852,0.598665815,0.946594953,0.122432309,0.061830366,119.998,0.572521761,0.258233,0.247188571,0.183638,0,0,0
44,27575,0,0,228508,186,825,0.957937481,0.794303951,0.638319721,0.940044947,0.079152342,0.075403118,130.013,0.98429155,0.258233,0.247188571,0.183638,0.661,0,0
45,27576,0,0,229929,261,762,0.009270446,0.789783828,0.882787449,0.837932372,0.242562761,0.129941637,154.031,0.706272525,0.258233,0.247188571,0.183638,0,0,0
95,28804,33.2148412,-97.1330683,256000,284,249,0.072219478,0.374002499,0.739401429,0.888691698,0.272090497,0.08743819,216.167,0.287798148,0.303426,0.290448701,0.265922,0,0,0
146,29263,0,0,320000,146,931,0.133976219,0.661134161,0.592499197,0.906860706,0.0937179,0.039369099,104.995,0.326763063,0.222553,0.213034578,0.228767,0.706,0,0
157,29765,43.8461111,20.0355556,320000,433,238,0.617788332,0.727380493,0.78546239,0.872471972,0.061301142,0.239266685,129.162,0.961909464,0.302062,0.289143039,0.318282,0,0,0
158,29766,43.8461111,20.0355556,320000,54,193,0.992762901,0.416600565,0.08686224,0.073352592,0.096794733,0.039460527,150.804,0.621078938,0.302062,0.289143039,0.318282,0,0,0
159,29767,43.8461111,20.0355556,320000,281,327,0.323709012,0.689197513,0.491536341,0.78698556,0.047034134,0.364445516,138.441,0.102274301,0.302062,0.289143039,0.318282,0,0,0
160,29769,43.8461111,20.0355556,320000,355,169,0.242325231,0.432492366,0.322404707,0.829397054,0.390207549,0.230364497,90.432,0.268099192,0.302062,0.289143039,0.318282,0,0.324,0
161,29770,43.8461111,20.0355556,320000,220,233,0.045642012,0.444832138,0.553318741,0.370676559,0.338253354,0.082423293,133.568,0.927133704,0.302062,0.289143039,0.318282,0,0,0
182,30178,47.6062095,-122.3320708,192000,1044,1271,0.977499385,0.240150896,0.485076719,0.890676538,0.35893132,0.068654728,95.57,0.149938101,0.193943,0.185648206,0.255574,0,0,1
183,30179,47.6062095,-122.3320708,192000,2181,48,0.838742708,0.489062622,0.081531507,0.602159255,0.112747343,0.473576041,69.583,0.545482661,0.193943,0.185648206,0.255574,0,0,0
194,30302,0,0,320000,368,610,0.030667259,0.511545374,0.874173341,0.906566922,0.160671959,0.03621991,89.947,0.163466117,0.269723,0.258187153,0.275179,0.392,0.412,0
195,30303,0,0,320000,260,956,0.82271225,0.531898548,0.45301888,0.904492313,0.113643429,0.028336292,140.058,0.065640183,0.152719,0.146187325,0.066593,0,0,0
196,30304,45.5086699,-73.5539925,320000,236,738,0.279656203,0.521830318,0.545323797,0.857277409,0.120436547,0.029306333,86.761,0.081297912,0.156123,0.149445738,0.249981,0.75,0,0
197,30305,45.5086699,-73.5539925,320000,202,1154,0.114449856,0.384626508,0.76890414,0.90723378,0.135310151,0.03397003,149.875,0.120542032,0.360762,0.345332484,0.305359,0,0,1
198,30306,0,0,320000,230,771,0.014852639,0.808960791,0.375710561,0.924053967,0.111481532,0.106922259,87.516,0.22099571,0.269461,0.257936358,0.239756,0,0,0
199,30307,0,0,320000,367,669,0.003281633,0.823630287,0.595312245,0.922957347,0.3465177,0.083004467,115.044,0.084529255,0.356647,0.34139348,0.257996,0.714,0,0
200,30309,0,0,320000,268,1449,0.759658129,0.340876246,0.4868453,0.92028435,0.112477414,0.031675905,140.028,0.03429114,0.069796,0.066810878,0.042388,0,0,1
201,30310,0,0,320000,409,1151,0.051897679,0.638512492,0.56407814,0.283223884,0.191325549,0.270213596,135.042,0.339624396,0.416234,0.368077422,0.457493,0,0,1
202,30315,0,0,320000,361,1392,0.946255027,0.495384194,0.159951991,0.931037847,0.104952304,0.03286536,58.589,0.035763594,0.076103,0.072848133,0.106767,1,0,1
224,30893,41.87194,12.56738,320000,109,3280,0.271629486,0.598761354,0.616280821,0.906101161,0.454433111,0.126913221,93.152,0.759347494,0.4447,0.42568052,0.282872,0,0,1
225,30894,41.87194,12.56738,320000,193,2175,0.000206758,0.731187584,0.325083421,0.880146612,0.100243033,0.254390284,85.023,0.057728819,0.4447,0.42568052,0.282872,0,0,1
226,30895,41.87194,12.56738,320000,117,3479,0.072898909,0.763604767,0.313718579,0.95400472,0.089321926,0.365770096,179.91,0.480609461,0.4447,0.42568052,0.282872,0,0,1
227,30896,41.87194,12.56738,320000,50,1487,0.164182095,0.690035101,0.470353529,0.944752397,0.149429217,0.085523024,94.918,0.318010595,0.4447,0.42568052,0.282872,0,0,1
228,30897,41.87194,12.56738,320000,142,1542,0.095367543,0.91582919,0.365183507,0.315171954,0.204013714,0.480367738,94.636,0.229633269,0.4447,0.42568052,0.282872,0,0,1
229,30898,41.87194,12.56738,320000,130,2003,0.038453149,0.665501289,0.7391581,0.920036254,0.094226175,0.168053221,220.07,0.232875883,0.4447,0.42568052,0.282872,0,0,1
230,30899,41.87194,12.56738,320000,114,1653,0.326868647,0.690205562,0.443422969,0.915116289,0.275899048,0.057268784,89.998,0.601991716,0.4447,0.42568052,0.282872,0,0,1
231,30900,41.87194,12.56738,320000,80,1341,0.010121836,0.660652252,0.150517158,0.939801534,0.096127432,0.875353154,92.6,0.192048641,0.4447,0.42568052,0.282872,0,0,1
232,30901,41.87194,12.56738,320000,218,1708,0.003542833,0.81944243,0.45336498,0.908547561,0.104641473,0.095309375,99.997,0.164250586,0.4447,0.42568052,0.282872,0,0,1
233,30902,41.87194,12.56738,320000,65,1749,0.001005664,0.864954292,0.661382076,0.929090828,0.109267065,0.104581329,137.239,0.077365139,0.4447,0.42568052,0.282872,0,0,1
234,30903,41.87194,12.56738,320000,120,1801,0.349890201,0.915062699,0.081695019,0.915649824,0.106465717,0.085727597,113.362,0.088624224,0.4447,0.42568052,0.282872,0,0,1
235,30904,41.87194,12.56738,320000,156,2133,0.018788321,0.543917314,0.442159805,0.838812515,0.077014106,0.190502069,96.07,0.195995035,0.4447,0.42568052,0.282872,0,0,1
236,30905,41.87194,12.56738,320000,136,1855,0.161744744,0.641710341,0.512225487,0.942871934,0.081708399,0.03786261,170.088,0.388613482,0.4447,0.42568052,0.282872,0,0,1
260,31455,0,0,128000,181,1036,0.526811014,0.370553039,0.996535881,0.921997769,0.118061672,0.131858055,179.99,0.100949169,0.35305,0.337950321,0.225232,0.362,0,0
261,31456,0,0,320000,331,1045,0.30258585,0.488980751,0.941861111,0.853959966,0.376263428,0.053208487,175.082,0.406460344,0.36893,0.353151145,0.296626,0,0,0
262,31457,0,0,128000,225,985,0.276294301,0.451578176,0.974120718,0.865265214,0.541436274,0.035536209,181.987,0.624907975,0.211248,0.202213084,0.175741,0,0,0
263,31458,0,0,128000,150,985,0.155751172,0.360660485,0.919331552,0.886486176,0.170092804,0.039622325,179.942,0.589046548,0.35305,0.337950321,0.225232,0,0,0
264,31459,0,0,128000,186,1242,0.696132728,0.492720596,0.998978749,0.960878599,0.108567034,0.158156184,176.803,0.113561896,0.238327,0.228133936,0.220857,0,0,1
265,31460,0,0,128000,174,1110,0.400381269,0.424590472,0.999963711,0.979725694,0.129404448,0.100512692,93.108,0.03575414,0.238327,0.228133936,0.220857,0,0.381,0
266,31461,0,0,320000,206,673,0.269445272,0.507512487,0.938176411,0.843316945,0.070130435,0.065315383,183.977,0.585890477,0.211248,0.202213084,0.175741,0,0,0
267,31462,0,0,320000,262,971,0.182345412,0.495895729,0.970987423,0.922681065,0.074785396,0.056088574,89.034,0.596621852,0.36893,0.353151145,0.296626,0,0,0
284,31568,0,0,320000,180,4581,0.224107818,0.742329666,0.547786003,0.5838471,0.309737763,0.037866829,120.003,0.706568533,0.32186,0.308094293,0.195931,0,0,1
285,31569,0,0,320000,217,1793,0.614647697,0.711435931,0.82436823,0.762367984,0.082626089,0.053063299,120.008,0.193896773,0.32186,0.308094293,0.195931,0,0.655,1
286,31570,0,0,320000,269,1393,0.746714638,0.872235519,0.660214464,0.955203904,0.323540417,0.045808683,119.996,0.968902121,0.32186,0.308094293,0.195931,0,0,1
287,31571,0,0,320000,236,1357,0.453541448,0.793304308,0.80970544,0.815670731,0.143258539,0.056364422,119.948,0.893723802,0.32186,0.308094293,0.195931,0,0,1
288,31572,0,0,320000,302,1378,0.025566012,0.715345956,0.50645079,0.544193786,0.115279685,0.151025938,95.991,0.494078834,0.32186,0.308094293,0.195931,0,0.697,1
289,31573,0,0,320000,294,1578,0.574334561,0.769503576,0.654417465,0.936187913,0.129171948,0.03650814,119.989,0.961110473,0.32186,0.308094293,0.195931,0,0,1
290,31574,0,0,320000,252,1753,0.933182274,0.704814939,0.683553063,0.90648857,0.105358408,0.065549521,120.096,0.704964811,0.32186,0.308094293,0.195931,0,1,1
291,31575,0,0,320000,308,1538,0.725632877,0.540894115,0.330870559,0.839718797,0.111392063,0.035954335,80.002,0.268760531,0.32186,0.308094293,0.195931,0.667,0,1
292,31576,0,0,320000,226,1795,0.00508626,0.747381665,0.475780578,0.885904973,0.160760931,0.077340916,120.058,0.507101821,0.32186,0.308094293,0.195931,0,0,1
293,31577,0,0,320000,130,3002,0.787831094,0.729979538,0.904746591,0.570233878,0.11774012,0.082269506,120.04,0.748147966,0.32186,0.308094293,0.195931,0,0,1
294,31578,0,0,320000,293,2962,0.863957624,0.669505932,0.288973096,0.942308479,0.089502835,0.037943846,120.202,0.500881946,0.32186,0.308094293,0.195931,0,0,1
314,32217,61.52401,105.318756,320000,257,249,0.91878664,0.415972636,0.717339537,0.921775781,0.112956735,0.029914841,82.671,0.098333435,0.323004,0.309189365,0.210749,0,0,0
315,32218,61.52401,105.318756,320000,182,7831,0.266542311,0.552179385,0.70217196,0.883523763,0.316608218,0.372694978,173.931,0.458255941,0.323004,0.309189365,0.210749,0,0.787,1
316,32219,61.52401,105.318756,320000,262,394,0.143125346,0.403798396,0.591547837,0.895120285,0.120276965,0.031342339,160.082,0.046085369,0.323004,0.309189365,0.210749,0,0,0
317,32220,61.52401,105.318756,320000,300,318,0.766292396,0.653382885,0.417003535,0.921507074,0.107961479,0.0326248,106.675,0.291865921,0.323004,0.309189365,0.210749,0,0,0
318,32221,61.52401,105.318756,320000,241,244,0.734605762,0.184801217,0.089264845,0.890627194,0.463054452,0.038712822,118.888,0.027813044,0.323004,0.309189365,0.210749,0,0,0
319,32222,61.52401,105.318756,320000,235,274,0.955050221,0.458637746,0.911029644,0.925571341,0.134403923,0.058832252,93.025,0.160328145,0.323004,0.309189365,0.210749,0,1,0
320,32223,61.52401,105.318756,320000,257,207,0.947997703,0.29963041,0.458735252,0.935685106,0.489627919,0.030506669,113.415,0.290993396,0.323004,0.309189365,0.210749,0,0,0
321,32224,61.52401,105.318756,320000,217,197,0.767957023,0.341419109,0.330604123,0.883457937,0.109791195,0.041844628,74.019,0.034863876,0.323004,0.309189365,0.210749,0,0,0
322,32225,61.52401,105.318756,320000,241,174,0.927004115,0.527223782,0.368155199,0.94283589,0.109715718,0.028634259,160,0.062149215,0.323004,0.309189365,0.210749,0,0,0
323,32226,61.52401,105.318756,320000,157,185,0.936187812,0.496220078,0.704227694,0.965153709,0.110495651,0.031020977,94.015,0.539521633,0.323004,0.309189365,0.210749,0,0,0
324,32227,61.52401,105.318756,320000,270,224,0.969106981,0.297312517,0.166618931,0.94838898,0.178590074,0.04044053,115.279,0.055032261,0.323004,0.309189365,0.210749,0,0,0
325,32228,61.52401,105.318756,320000,171,183,0.963112534,0.292400244,0.111288168,0.973585288,0.117924197,0.040886202,107.234,0.056045268,0.323004,0.309189365,0.210749,0,0,0
334,32431,0,0,256000,186,2317,0.779081427,0.437918941,0.994812734,0.930239592,0.364569704,0.147540123,141.368,0.038051186,0.124624,0.119293927,0.148115,0,0,1
335,32432,0,0,256000,93,2960,0.233223329,0.570886222,0.851922945,0.911312254,0.164520866,0.046901637,127.128,0.960835132,0.10411,0.099657295,0.152654,0,0,1
336,32433,0,0,256000,196,5107,0.824814228,0.566194874,0.868542303,6.10E-05,0.094964928,0.0608175,85.325,0.991132211,0.083657,0.080079054,0.119145,0,0,1
337,32434,0,0,256000,164,2819,0.000214731,0.32518502,0.990885061,0.98039098,0.517831956,0.04926466,86.674,0.389325152,0.12405,0.118744476,0.115112,0,0,1
338,32435,0,0,256000,132,4607,0.471440348,0.394123766,0.96530264,0.976930761,0.095485636,0.051269548,130.006,0.335673548,0.194667,0.186341241,0.269274,0,0,1
339,32436,0,0,256000,225,2811,0.828805166,0.686734647,0.986624751,0.971210007,0.270714148,0.057345744,164.978,0.982081904,0.166818,0.159683321,0.151594,0,0,1
340,32437,0,0,256000,149,4019,0.825013076,0.546112704,0.99856258,0.97821246,0.064109851,0.07647485,131.229,0.970439192,0.425219,0.407032707,0.283364,0,0,1
341,32438,0,0,256000,273,4659,0.342548682,0.241188927,0.992145409,0.914676517,0.100344915,0.260394124,149.335,0.196505104,0.147418,0.141113044,0.148,0,0,1
342,32439,0,0,256000,231,5195,0.171791606,0.080047252,0.987783524,0.979287439,0.091790409,0.103463984,81.167,0.038301791,0.162821,0.15585727,0.173314,0,0,1
402,32508,55.378051,-3.435973,320000,356,1023,0.00819565,0.4716583,0.79668357,0.894932318,0.104651336,0.045223774,84.034,0.268782567,0.271527,0.259913997,0.213463,0,0,0
403,32509,0,0,320000,224,2134,0.234182785,0.666873919,0.858462241,0.9111382,0.110846138,0.061919804,106.88,0.804589669,0.476955,0.456555998,0.343549,0,0,1
404,32510,0,0,320000,327,1316,0.024424884,0.749910877,0.710734774,0.905386758,0.095842794,0.049936593,135.011,0.289996682,0.344047,0.329332372,0.297262,0,0,1
405,32511,0,0,320000,362,1197,0.000616767,0.735949597,0.805485045,0.853994514,0.120196777,0.107773477,140.052,0.520603093,0.263121,0.251867515,0.244775,0,0,1
406,32512,0,0,320000,277,899,0.003246409,0.564981716,0.784050278,0.837492058,0.071440389,0.076130756,141.005,0.373546218,0.278687,0.266767769,0.24779,0.688,0,0
407,32513,0,0,320000,303,1684,0.000108004,0.703086871,0.577803504,0.897525271,0.081418078,0.080291391,93.361,0.445488754,0.309387,0.296154754,0.325268,0,0,1
408,32514,41.385578,2.16874,320000,261,597,0.09303987,0.582088735,0.787780828,0.881723292,0.098364824,0.064790986,167.939,0.491062685,0.320818,0.307096859,0.232685,0,0,0
409,32515,53.801279,-1.548567,320000,255,519,0.011497276,0.305651007,0.741097689,0.664566745,0.095091516,0.426581803,82.574,0.197815281,0.305665,0.292591941,0.327391,0,0,0
410,32516,55.378051,-3.435973,320000,252,974,0.130904539,0.686884894,0.633765242,0.796781921,0.09079061,0.301600787,142.979,0.69597859,0.271527,0.259913997,0.213463,0,0,0
411,32517,0,0,320000,357,1908,0.000313613,0.74714478,0.813451383,0.915484403,0.073466596,0.090921835,93.361,0.437524999,0.509319,0.423810168,0.500369,0,0,1
412,32518,50.8815434,4.564597,320000,312,618,0.158123098,0.730044201,0.84280305,0.857388346,0.103444249,0.106877009,120.012,0.10274272,0.300512,0.287659331,0.257307,0,0,0
413,32519,0,0,320000,338,792,0.035661061,0.479505569,0.847082251,0.927041105,0.110364158,0.043041857,183.956,0.033004107,0.237537,0.227377724,0.18423,0,0,0
414,32520,51.5073346,-0.1276831,320000,281,2086,0.000298504,0.544575044,0.93540629,0.771156306,0.184920909,0.065662252,177.976,0.291670171,0.313468,0.300061213,0.250764,0,0,1
415,32521,0,0,320000,480,1931,0.101449257,0.630446141,0.605421738,0.847836464,0.194374322,0.03270898,103.873,0.454618151,0.349382,0.334439198,0.269955,0,0,1
421,32758,0,0,320000,357,1355,0.470763407,0.418225577,0.312563592,0.857111561,0.361154347,0.028143211,88.022,0.200541201,0.453959,0.43454352,0.324442,0,0,1
434,33005,60.128161,18.643501,320000,327,275,0.977456461,0.55044493,0.537235629,0.96350194,0.133480756,0.043630199,120.028,0.039707452,0.326385,0.311936366,0.401149,0,0,0
435,33006,60.128161,18.643501,320000,488,297,0.708940826,0.778827253,0.912498846,0.922293314,0.039182672,0.077517155,125.78,0.961615693,0.274412,0.262675608,0.186948,0,0,0
436,33007,60.128161,18.643501,320000,222,184,0.115169861,0.607324064,0.962427099,0.936705559,0.126288282,0.03986146,120.065,0.815841571,0.166366,0.159250653,0.22487,0,0,0
437,33008,55.7512419,37.6184217,320000,377,164,0.415883809,0.331729197,0.284909088,0.898809048,0.704552221,0.057025552,206.528,0.147620018,0.374456,0.358440802,0.26833,0,0,0
438,33009,45.4654542,9.186516,320000,272,292,0.258431854,0.781253961,0.596544077,0.855331068,0.097549834,0.16457101,119.988,0.357226497,0.262737,0.251499939,0.221683,0,0,0
439,33010,11.1810674,-69.8597406,320000,418,200,0.123735393,0.709704071,0.887125218,0.845115932,0.253402074,0.073635178,140.031,0.443630168,0.157065,0.15034745,0.170642,0,0,0
440,33011,60.128161,18.643501,320000,315,181,0.006034037,0.843237626,0.51035898,0.647797986,0.26857505,0.052416329,117.991,0.729258414,0.166366,0.159250653,0.22487,0,0,0
441,33012,60.128161,18.643501,320000,469,457,0.179341959,0.865917898,0.692904753,0.807194043,0.542696243,0.105806772,125.02,0.542476557,0.09763,0.093454439,0.152512,0,0,0
442,33013,60.128161,18.643501,320000,383,114,0.761373876,0.809511086,0.557418885,0.969066343,0.110723247,0.118693919,120.01,0.554931538,0.326385,0.311936366,0.401149,0,0,0
443,33014,60.128161,18.643501,320000,362,150,0.000423616,0.776000701,0.505711656,0.953238493,0.113681187,0.055287986,106.007,0.340450503,0.166366,0.159250653,0.22487,0,0,0
444,33015,53.0792962,8.8016937,320000,144,227,0.223059332,0.77880202,0.413615524,0.936239927,0.118200384,0.264240707,125.165,0.351348912,0.207092,0.198234833,0.185798,0,0.419,0
463,33144,36.9741171,-122.0307963,261459,250,2158,0.3317135,0.612849927,0.876682055,0.771880011,0.053590929,0.042140648,90.012,0.394454662,0.224718,0.215106982,0.196614,0,0,1
480,33193,54.6893865,25.2800243,320000,385,593,0.003433552,0.518317363,0.931533094,0.95951326,0.075543208,0.095142208,81.811,0.443546453,0.375599,0.35234836,0.414772,0.636,0,0
481,33195,51.5073346,-0.1276831,320000,105,2542,0.008154262,0.402003595,0.923276574,0.817888458,0.100114318,0.066723794,150.637,0.48645013,0.335324,0.320982448,0.096809,0,0,1
482,33200,47.516231,14.550072,320000,418,1006,0.029667158,0.725215945,0.646169775,0.861752804,0.086548151,0.287587672,93.397,0.030847355,0.323746,0.30989963,0.214556,0,0,0
484,33203,-37.8113667,144.9718286,320000,307,4801,0.004121938,0.360284829,0.672909403,0.779640602,0.060768107,0.130964675,194.646,0.147415377,0.121461,0.116266206,0.149354,0,0,1
485,33211,44.437711,26.0973669,320000,581,1641,0.000809188,0.432939113,0.572869523,0.898682512,0.109188949,0.072878813,84.029,0.684250178,0.46472,0.44484428,0.328891,0,0,1
486,33212,0,0,320000,313,2117,0.00088111,0.804964318,0.593675994,0.955249141,0.274724006,0.061569235,129.998,0.039491183,0.462139,0.431362453,0.418431,0,0,1
487,33213,0,0,320000,378,3636,0.651626812,0.707522598,0.830978894,0.860107321,0.094925043,0.207716459,82.765,0.907429169,0.378987,0.362778015,0.276699,0,0.697,1
488,33214,0,0,320000,450,918,0.005136842,0.63142538,0.781249126,0.75477648,0.084153354,0.098030955,65.603,0.037161601,0.339157,0.324651514,0.330822,0,0,0
489,33215,0,0,320000,304,2843,0.226561504,0.805566046,0.637248594,0.111379974,0.124062827,0.038936864,120.006,0.690751742,0.453949,0.401737026,0.456944,0,0.737,1
490,33216,0,0,320000,204,4031,0.55719715,0.597173587,0.388434148,0.059080411,0.063790084,0.041303301,89.251,0.432681927,0.487856,0.466990771,0.388606,0.273,0,1
491,33217,45.943161,24.96676,320000,249,1154,0.060356316,0.825051715,0.945949112,0.908465817,0.100352017,0.139588871,130.011,0.196530396,0.303907,0.290909129,0.285843,0,0,1
492,33218,0,0,320000,458,1721,0.397259561,0.76621677,0.466429019,0.945617814,0.110556203,0.145919172,120.026,0.562547177,0.118096,0.113045124,0.065591,0,0,1
493,33219,0,0,320000,355,1492,0.010262657,0.801782444,0.693915342,0.852522743,0.098138246,0.186787886,124.98,0.617406711,0.140458,0.134450718,0.162301,0,0,1
494,33220,0,0,320000,378,1714,0.024204227,0.558678478,0.876794597,0.907833948,0.113026963,0.064527118,240.204,0.159263663,0.451033,0.431742662,0.334702,0,0,1
495,33221,0,0,320000,317,24098,0.19766884,0.405588505,0.776903472,0.841129168,0.104765167,0.085300067,85.742,0.035160543,0.481174,0.460594555,0.355018,0,0,1
496,33223,0,0,320000,354,2125,0.350399227,0.688985876,0.346445984,0.944847043,0.105654295,0.086023703,115.002,0.101551602,0.16848,0.161274239,0.211358,0,0,1
497,33238,44.437711,26.0973669,320000,259,1641,0.016931836,0.879612978,0.349187142,0.873919462,0.101436263,0.07542576,111.995,0.257009797,0.469177,0.449110657,0.374642,0.773,0,1
498,33239,44.437711,26.0973669,320000,455,2108,0.378157478,0.598763274,0.631195305,0.941723162,0.089384608,0.065139674,189.966,0.517592583,0.378419,0.34116203,0.443621,0,0,1
499,33240,0,0,320000,574,1837,0.000147289,0.782774188,0.49489552,0.945830056,0.109978341,0.073297527,123.801,0.523934462,0.394835,0.377948208,0.390687,0,0,1
500,33241,44.434295,26.102965,320000,322,1509,0.042131189,0.537948565,0.536520932,0.939354552,0.201504025,0.08114935,240.275,0.069750023,0.477784,0.457349542,0.394033,0,0,1
501,33242,0,0,320000,394,1492,0.010349411,0.636118659,0.699391018,0.935363971,0.095613629,0.075331109,179.997,0.496960668,0.140458,0.134450718,0.162301,0,0,1
502,33243,0,0,320000,234,2225,3.32E-05,0.679041016,0.873175611,0.804297015,0.148148544,0.043570914,119.983,0.259272962,0.410359,0.392808258,0.367537,0,0,1
509,33270,43.1938516,-71.5723953,320000,408,360,0.016618303,0.393782395,0.928836872,0.190556969,0.289195874,0.079475175,100.01,0.160167058,0.244545,0.234085997,0.27252,0.688,0,0
510,33271,0,0,320000,270,1117,0.290457571,0.279619998,0.635209755,0.897819481,0.107314495,0.045944683,90.428,0.036989994,0.259257,0.248168776,0.231207,0,0,0
605,34512,55.378051,-3.435973,320000,429,714,0.018911852,0.62295247,0.537951066,0.804835446,0.080822923,0.0364591,100.011,0.734846883,0.218487,0.209142478,0.246852,0,0,0
606,34513,55.378051,-3.435973,320000,368,802,0.012436934,0.697281921,0.421614222,0.903137748,0.040471429,0.104321653,160.003,0.748317593,0.218487,0.209142478,0.246852,0,0,0
607,34514,55.378051,-3.435973,320000,701,743,0.094057561,0.754155919,0.821661674,0.846665733,0.073775757,0.035419797,127.007,0.829365939,0.218487,0.209142478,0.246852,0,0,0
608,34515,55.378051,-3.435973,320000,383,425,0.113026338,0.660328168,0.539382426,0.836687774,0.31948584,0.063299574,149.936,0.516082062,0.218487,0.209142478,0.246852,0,0,0
609,34516,55.378051,-3.435973,320000,293,1029,0.35496319,0.76896047,0.612759681,0.756925622,0.343654956,0.056299237,119.748,0.321010999,0.218487,0.209142478,0.246852,0,0,0
610,34517,55.378051,-3.435973,320000,374,808,0.005847868,0.755511184,0.678491969,0.886344025,0.30027196,0.074603047,122.671,0.893773785,0.218487,0.209142478,0.246852,0,0,0
611,34518,55.378051,-3.435973,320000,375,728,0.120845035,0.873439758,0.731428979,0.575504203,0.126626137,0.04917566,105.015,0.551607164,0.218487,0.209142478,0.246852,0,0,0
612,34519,55.378051,-3.435973,320000,403,349,0.1709726,0.660820193,0.64291625,0.89998941,0.152421468,0.060345255,97.013,0.372875146,0.218487,0.209142478,0.246852,0,0,0
613,34520,55.378051,-3.435973,320000,550,442,0.173286624,0.68502032,0.863244303,0.834663467,0.123608841,0.043598764,230.94,0.25262026,0.218487,0.209142478,0.246852,0,0,0
614,34521,55.378051,-3.435973,320000,467,504,0.831512219,0.774565403,0.282761579,0.867285619,0.113968487,0.052540278,115,0.23885284,0.218487,0.209142478,0.246852,0,0,0
615,34522,55.378051,-3.435973,320000,488,764,0.075603323,0.642851371,0.784859669,0.841496208,0.063073953,0.051992486,141.976,0.107454939,0.218487,0.209142478,0.246852,0,0,0
616,34523,55.378051,-3.435973,320000,354,510,0.323293168,0.621051222,0.871958207,0.905256964,0.358037166,0.036732805,101.987,0.418782122,0.218487,0.209142478,0.246852,0,0,0
617,34524,55.378051,-3.435973,320000,292,664,0.135199181,0.590794636,0.568135181,0.907233976,0.091133187,0.054447279,193.373,0.545926534,0.218487,0.209142478,0.246852,0,0,0
618,34525,55.378051,-3.435973,320000,350,517,0.188724255,0.844613414,0.549259385,0.815952287,0.115324204,0.095949969,120.975,0.575456347,0.218487,0.209142478,0.246852,0,0,0
619,34526,55.378051,-3.435973,320000,509,983,0.143829811,0.449543815,0.632906105,0.716697007,0.428760201,0.056342646,188.9,0.641416488,0.218487,0.209142478,0.246852,0,0,0
620,34528,55.378051,-3.435973,320000,376,858,0.100187668,0.665425043,0.75170138,0.885695169,0.123152575,0.136893848,95.296,0.063912394,0.218487,0.209142478,0.246852,0,0,0
621,34529,55.378051,-3.435973,320000,471,1458,0.114894861,0.688579543,0.391522847,0.884023737,0.298688177,0.04088509,119.978,0.328660333,0.218487,0.209142478,0.246852,0,0,1
652,35296,0,0,320000,330,4233,0.927165906,0.447233794,0.529724635,0.945705609,0.111665274,0.048221417,220.007,0.151168165,0.513912,0.400915481,0.544115,0,0.796,1
653,35299,25.091075,121.5598345,320000,137,13657,0.000124555,0.682502207,0.513139038,0.923619023,0.096814079,0.092637087,140.166,0.493852125,0.516052,0.465534203,0.443172,0,0,1
723,36380,55.7512419,37.6184217,320000,237,4979,0.088840958,0.450328595,0.781508058,0.880857598,0.215096726,0.124831721,101.666,0.471529051,0.498414,0.459974253,0.426689,0,0,1
726,36426,51.5073346,-0.1276831,320000,491,441,0.170984478,0.778944802,0.910172536,0.928315771,0.32040817,0.090691517,130.077,0.127406505,0.414115,0.396403617,0.299473,0,0,0
727,36427,51.5073346,-0.1276831,320000,244,625,0.076763913,0.7098022,0.337061694,0.910593112,0.094831972,0.039490561,125.005,0.078205057,0.414115,0.396403617,0.299473,0,0,0
728,36428,51.5073346,-0.1276831,320000,211,4289,0.053144746,0.793804128,0.417856944,0.857744363,0.109361611,0.06698136,92.981,0.562848729,0.414115,0.396403617,0.299473,0.28,0.354,1
729,36429,51.5073346,-0.1276831,320000,301,675,0.890948128,0.611807334,0.643364492,0.832704843,0.125806628,0.077212369,169.993,0.664142763,0.414115,0.396403617,0.299473,0,0,0
730,36430,51.5073346,-0.1276831,320000,141,525,0.056372275,0.712789572,0.654744116,0.381421146,0.491431164,0.085644097,168.05,0.535517207,0.414115,0.396403617,0.299473,0,0,0
731,36433,51.5073346,-0.1276831,320000,145,510,0.13525041,0.34331634,0.801975125,0.623083553,0.523350191,0.075126184,85.941,0.272215054,0.414115,0.396403617,0.299473,0,0,0
732,36434,51.5073346,-0.1276831,320000,273,1487,0.078049887,0.513942686,0.81359211,0.941593531,0.09644078,0.036679267,86.688,0.508661714,0.414115,0.396403617,0.299473,0,0,1
733,36435,51.5073346,-0.1276831,320000,185,58157,0.181674903,0.705742674,0.669234546,0.656457478,0.133329422,0.041501592,128.142,0.295326306,0.414115,0.396403617,0.299473,0,0.434,1
734,36436,51.5073346,-0.1276831,320000,121,1177,0.35490111,0.508019662,0.40729267,0.893925288,0.118367654,0.033470922,168.002,0.119410466,0.414115,0.396403617,0.299473,0,0,1
765,37014,41.00527,28.97696,170318,214,531,0.994089564,0.348421101,0.001547291,0.960055909,0.091774337,0.041660389,12.753,0.037528691,0.358792,0.34344674,0.295153,0.4,0,0
766,37015,41.00527,28.97696,186071,296,517,0.976016451,0.057996055,0.014551389,0.886205727,0.097657024,0.047529174,192.868,0.031152484,0.358792,0.34344674,0.295153,0,0,0
767,37016,41.00527,28.97696,156980,111,221,0.991780336,0.1657435,0.019745377,0.963927464,0.233762636,0.051534036,120.776,0.036781241,0.358792,0.34344674,0.295153,0,0,0
768,37017,41.00527,28.97696,194374,286,361,0.995644942,0.168164209,0.005443883,0.964112172,0.358467508,0.041653129,117.971,0.031267968,0.358792,0.34344674,0.295153,0,0,0
769,37018,41.00527,28.97696,168265,425,694,0.994776617,0.12153084,0.002562649,0.926097178,0.070360832,0.042884105,76.414,0.03770286,0.358792,0.34344674,0.295153,0,0,0
770,37019,41.00527,28.97696,112240,66,265,0.995595917,0.11431808,0.000664137,0.936837,0.104100533,0.045376323,153.196,0.69182028,0.358792,0.34344674,0.295153,0,0,0
771,37020,41.00527,28.97696,143918,488,296,0.982934931,0.067004613,0.013941021,0.974604115,0.332807786,0.05107454,179.275,0.02663534,0.358792,0.34344674,0.295153,0,0,0
772,37021,41.00527,28.97696,188377,543,436,0.99263002,0.138264303,0.129808159,0.966611433,0.079750851,0.051807456,137.642,0.02778768,0.358792,0.34344674,0.295153,0,0,0
821,37957,45.0629022,7.6784897,256000,237,1664,0.014296378,0.722251472,0.680439133,0.900116605,0.089635676,0.079196772,95.569,0.469093895,0.190849,0.182686534,0.220288,0,0,1
822,37958,45.0629022,7.6784897,256000,248,2635,0.042316562,0.779503663,0.348924423,0.932139094,0.098419849,0.050310451,164.035,0.746026156,0.190849,0.182686534,0.220288,0,0,1
823,37959,45.0629022,7.6784897,256000,292,1686,0.016586419,0.809447038,0.401843196,0.864038172,0.100763161,0.129867732,80.996,0.87947998,0.190849,0.182686534,0.220288,0,0,1
824,37960,45.0629022,7.6784897,256000,215,1416,0.005301021,0.720094535,0.755955704,0.330488348,0.197695007,0.046445006,129.988,0.545843091,0.190849,0.182686534,0.220288,0,0,1
825,37961,45.0629022,7.6784897,256000,425,1272,0.281637847,0.761302787,0.553730402,0.718609458,0.108584666,0.076644867,171.986,0.506053296,0.190849,0.182686534,0.220288,0,0,1
826,37962,45.0629022,7.6784897,256000,252,1210,0.065456366,0.815040065,0.780081765,0.865195611,0.060296785,0.094066617,160.034,0.774950892,0.190849,0.182686534,0.220288,0.362,0,1
827,37963,45.0629022,7.6784897,256000,249,1863,0.096637581,0.864519072,0.389680068,0.89950962,0.09001886,0.059419906,109.988,0.675763476,0.190849,0.182686534,0.220288,0,0,1
829,38366,44.434295,26.102965,320000,886,302,0.00647646,0.596778729,0.759762623,0.751906666,0.115392995,0.119866508,86.7,0.487533114,0.095011,0.090947452,0.029931,0,0,0
830,38367,44.434295,26.102965,320000,397,101,0.00252163,0.732238871,0.740077605,0.749370095,0.111022766,0.080740811,130.037,0.356398276,0.095011,0.090947452,0.029931,0,0,0
831,38368,44.434295,26.102965,320000,210,300,0.016353738,0.767665009,0.601853901,0.933926808,0.101742916,0.12906959,130.01,0.240740561,0.095011,0.090947452,0.029931,0,0,0
832,38369,44.434295,26.102965,320000,201,118,0.000257599,0.502161143,0.522642642,0.868264192,0.079432532,0.209651179,141.684,0.61235988,0.095011,0.090947452,0.029931,0,0,0
928,39514,37.777125,-122.419644,199001,229,884,0.206402499,0.711210988,0.417881868,0.835742955,0.165124043,0.044713902,94.004,0.099919981,0.363916,0.34835159,0.351091,0,0,0
953,39683,44.437711,26.0973669,320000,340,893,0.003342987,0.652387838,0.445780963,0.883536483,0.111649532,0.076356498,83.999,0.894055541,0.46472,0.44484428,0.328891,0,0,0
954,39684,44.437711,26.0973669,320000,655,728,0.000162972,0.702411634,0.65663627,0.906821397,0.108701881,0.04201583,124.009,0.751455208,0.46472,0.44484428,0.328891,0,0,0
955,39685,44.437711,26.0973669,320000,368,1710,0.00070663,0.849536856,0.540724865,0.934992958,0.098529243,0.088324492,121.976,0.684539047,0.46472,0.44484428,0.328891,0,0,1
956,39686,44.437711,26.0973669,320000,512,855,7.28E-06,0.767530432,0.670095302,0.909500514,0.036323707,0.051776901,125.018,0.648158546,0.46472,0.44484428,0.328891,0,0,0
957,39687,44.437711,26.0973669,320000,448,767,0.000122928,0.708903164,0.500849969,0.937298545,0.071414333,0.044070897,125.007,0.468770795,0.46472,0.44484428,0.328891,0,0,0
1012,40265,0,0,320000,415,1187,0.837454833,0.521944954,0.311691783,0.140668403,0.189756136,0.029001972,99.086,0.211088403,0.323344,0.309514824,0.287164,0,0,1
1013,40369,0,0,320000,220,2830,0.042165495,0.771555011,0.990998754,0.882840754,0.063450741,0.125945706,133.344,0.568776533,0.408336,0.390871781,0.271632,0,0,1
1014,40373,45.943161,24.96676,320000,218,2305,0.013161724,0.439738055,0.794345297,0.732867055,0.333601736,0.172490662,93.154,0.275630139,0.503987,0.425103352,0.490927,0,0,1
1050,40702,51.454513,-2.58791,320000,473,191,0.001996431,0.574555285,0.740928201,0.919105743,0.044842642,0.068529381,170.017,0.099502848,0.175411,0.167908805,0.170512,0,0,0
1051,40703,51.454513,-2.58791,320000,285,315,0.000443498,0.531361608,0.7936306,0.904776548,0.125707773,0.250232069,68.145,0.034188718,0.175411,0.167908805,0.170512,0,0.565,0
1052,40704,51.454513,-2.58791,320000,481,310,0.000598178,0.518956213,0.955924919,0.912167359,0.136018224,0.147827217,170.09,0.089791587,0.175411,0.167908805,0.170512,0,0,0
1053,40705,51.454513,-2.58791,320000,188,126,0.004500066,0.627197566,0.72669257,0.940978996,0.148707635,0.192361208,67.98,0.376073635,0.175411,0.167908805,0.170512,1,0,0
1054,40706,51.454513,-2.58791,320000,118,168,0.000248331,0.502069647,0.918385062,0.876761292,0.138140459,0.155770977,85.012,0.667695886,0.175411,0.167908805,0.170512,0,0,0
1061,40785,19.4326077,-99.133208,320000,233,902,8.26E-06,0.381988681,0.938068043,0.750740532,0.817574799,0.060267663,93.374,0.076602909,0.376589,0.360482575,0.310456,0,0,0
1062,40786,19.4326077,-99.133208,320000,365,677,0.024577268,0.727868435,0.934152919,0.825047524,0.057414964,0.230487123,93.349,0.706576185,0.376589,0.360482575,0.310456,0,0,0
1063,40789,19.4326077,-99.133208,320000,305,883,0.000298229,0.746256143,0.805966331,0.892415403,0.120367305,0.082578687,140.045,0.758767599,0.376589,0.360482575,0.310456,0,0,0
1064,40790,19.4326077,-99.133208,320000,226,855,0.005829535,0.797978168,0.469846787,0.424781812,0.159195683,0.079395471,93.356,0.552161327,0.376589,0.360482575,0.310456,0,0,0
1065,40791,19.4326077,-99.133208,320000,324,1021,0.000532873,0.705529766,0.457559538,0.854530298,0.11089639,0.050880851,93.341,0.145482077,0.376589,0.360482575,0.310456,0,0,0
1066,40794,19.4326077,-99.133208,320000,306,1025,0.000457215,0.7360309,0.763934947,0.94277936,0.186525868,0.146355703,101.936,0.215558581,0.376589,0.360482575,0.310456,0,0,0
1067,40796,19.4326077,-99.133208,320000,267,1493,0.136269973,0.357042087,0.959818867,0.833321407,0.482090473,0.129450166,69.905,0.190010873,0.376589,0.360482575,0.310456,0,0,1
1068,40797,19.4326077,-99.133208,320000,260,1961,0.02762772,0.631176383,0.788320427,0.796751966,0.101927167,0.069256516,140.022,0.263905387,0.376589,0.360482575,0.310456,0,0,1
1069,40798,32.991405,138.460247,320000,356,1195,0.021900484,0.271002903,0.938186721,0.578537216,0.312821736,0.299547621,85.343,0.229107922,0.322307,0.308522175,0.091294,0,0,1
1070,40799,32.991405,138.460247,320000,312,1345,0.000397756,0.219442956,0.890625008,0.800720127,0.076936767,0.568921956,82.904,0.48847777,0.322307,0.308522175,0.091294,0,0,1
1071,40815,19.4319,-99.132851,320000,478,414,0.689673677,0.654247286,0.848237876,0.898095532,0.112389965,0.043217348,140.03,0.752087453,0.349733,0.334775186,0.305924,0,0,0
1072,40816,19.4319,-99.132851,320000,210,736,0.00847889,0.696828375,0.546270979,0.875311647,0.223130838,0.062051464,140.045,0.301133561,0.349733,0.334775186,0.305924,0.459,0,0
1073,40817,19.4319,-99.132851,320000,346,561,0.01044622,0.823972079,0.801543309,0.94297539,0.592825093,0.078391512,140.035,0.555510534,0.349733,0.334775186,0.305924,0,0,0
1074,40818,19.4319,-99.132851,320000,283,600,0.626113572,0.77388953,0.62561485,0.946026071,0.11251028,0.060634768,140.017,0.327200794,0.349733,0.334775186,0.305924,0,0,0
1075,40842,34.05349,-118.245319,320000,266,11289,0.006330738,0.508168244,0.568828575,0.859218296,0.138949649,0.031386052,86.958,0.448512793,0.391448,0.374706067,0.298327,0.796,0,1
1076,40843,34.05349,-118.245319,320000,255,16645,0.000229579,0.454331274,0.930312197,0.759036073,0.091686936,0.036313813,103.943,0.134985455,0.391448,0.374706067,0.298327,0,1,1
1077,40844,25.728985,-80.237419,320000,207,14194,0.017148282,0.505522904,0.889730699,0.830393337,0.092997643,0.066019759,165.985,0.34002545,0.33214,0.317934625,0.274635,0,0,1
1078,40845,25.728985,-80.237419,320000,175,19321,0.019307697,0.672566765,0.715235031,0.895153049,0.084066219,0.237928191,200.007,0.623099504,0.33214,0.317934625,0.274635,0,0,1
1121,41076,0,0,320000,447,1498,0.001028709,0.719419351,0.375632415,0.926303446,0.099288888,0.265535058,83.33,0.56633777,0.272764,0.261098092,0.149836,0,0,1
1122,41077,0,0,187656,333,995,0.824921434,0.517314126,0.249507778,0.879668,0.077722687,0.069288355,89.92,0.060586766,0.202818,0.194143629,0.122473,0,0,0
1123,41078,0,0,320000,369,1017,0.007143905,0.80778241,0.365157793,0.867350026,0.108690404,0.047511238,126.008,0.420917077,0.33384,0.319561918,0.281421,0,0,0
1124,41079,0,0,204719,571,1764,0.335911285,0.486220555,0.58185854,0.944113886,0.875523453,0.043519166,101.423,0.063069683,0.268949,0.257446256,0.297601,0,0,1
1125,41088,0,0,320000,426,1525,0.600481264,0.743450205,0.247688387,0.8959584,0.111431208,0.058493308,120.022,0.105290497,0.224506,0.21490405,0.277965,0,0,1
1126,41089,0,0,320000,457,1127,0.091380428,0.79162454,0.683562173,0.914474611,0.103198901,0.041156108,128.006,0.107560419,0.133259,0.127559614,0.181077,0,0,0
1127,41090,35.712709,-6.916455,320000,249,2043,0.128696971,0.565865035,0.45773924,0.876290551,0.097881914,0.068183954,91.284,0.130200364,0.358497,0.343164357,0.320379,0,0,1
1128,41091,0,0,320000,539,1847,0.011856171,0.696535817,0.409228332,0.888818587,0.125174622,0.110366424,86.671,0.119317005,0.270005,0.258457092,0.17189,0,0,1
1129,41092,0,0,320000,389,1615,0.001471041,0.314912216,0.723337033,0.908225352,0.074799757,0.073358427,86.734,0.43092738,0.168064,0.160876031,0.150209,0,0,1
1130,41093,0,0,320000,350,2426,0.000577167,0.84445732,0.529338667,0.855124858,0.084188179,0.160358087,132.983,0.832581358,0.111969,0.107180171,0.117234,0,0,1
1228,43367,46.208358,6.142701,320000,311,261,0.985294494,0.610775579,0.568734113,0.465300773,0.127139631,0.034451129,180.017,0.144485583,0.287396,0.275104292,0.253811,0,0,0
1229,43368,46.208358,6.142701,320000,216,158,0.888881452,0.64788132,0.400558385,0.949339967,0.097313235,0.058834582,90.011,0.035389709,0.287396,0.275104292,0.253811,0,0,0
1231,44092,34.0522342,-118.2436849,128000,176,10548,0.277332143,0.755685208,0.227270512,0.705568811,0.106166225,0.034855594,100.008,0.200998429,0.530454,0.507766887,0.391773,0,0,1
1232,44093,0,0,255823,184,3157,0.003480871,0.55650217,0.970286035,0.869541228,0.565742452,0.065723647,66.813,0.072601528,0.238219,0.228030555,0.251028,0,0,1
1233,44094,0,0,143619,97,2178,0.786161624,0.749366606,0.290272827,0.850567588,0.103592709,0.492337891,88.54,0.536675586,0.238219,0.228030555,0.251028,0,0.263,1
1234,44095,0,0,134197,112,2223,0.947892513,0.797930629,0.093684738,0.231838788,0.093471034,0.060285396,50.022,0.679481117,0.294078,0.281500508,0.231196,0,0,1
1235,44096,0,0,141112,134,2584,0.07857503,0.505950401,0.955469268,0.887784194,0.061378959,0.056093406,187.517,0.9778915,0.215727,0.206500521,0.159873,0,0,1
1236,44097,0,0,256000,171,2099,0.013920277,0.59468121,0.396851199,0.847736464,0.33277846,0.040985596,110.038,0.960612501,0.31573,0.302226469,0.190113,0,0,1
1237,44098,43.653226,-79.3831843,320000,91,2942,0.029249294,0.737895161,0.867483269,0.958889875,0.09599623,0.094363275,150.058,0.99999,0.476819,0.456425815,0.290541,0,0,1
1238,44473,40.72967,-73.959754,160000,323,138,0.967708773,0.349548975,0.268864624,0.9623053,0.221214204,0.048216319,124.696,0.036092466,0.38117,0.344069318,0.442725,0.365,0,0
1239,44474,40.72967,-73.959754,160000,113,104,0.000190269,0.43088713,0.372050915,0.961064611,0.117123651,0.038983998,117.491,0.100897719,0.38117,0.344069318,0.442725,0,0,0
1240,44475,40.72967,-73.959754,160000,306,98,0.976249481,0.567075216,0.708992312,0.955750145,0.144416583,0.029508422,87.232,0.404225111,0.38117,0.344069318,0.442725,0,0,0
1241,44476,40.72967,-73.959754,160000,203,144,0.989402557,0.701280221,0.514426802,0.952454132,0.192489007,0.030353623,137.678,0.960083158,0.38117,0.344069318,0.442725,0,0.524,0
1242,44477,40.72967,-73.959754,160000,139,284,0.970979181,0.560205873,0.582132936,0.964550563,0.126664339,0.106394131,90.884,0.780252345,0.38117,0.344069318,0.442725,0,0.592,0
1243,44478,40.72967,-73.959754,160000,185,63,0.890645277,0.532703499,0.711675339,0.911201139,0.183856404,0.029376633,108.961,0.506512713,0.38117,0.344069318,0.442725,0,0,0
1244,44479,40.72967,-73.959754,160000,91,61,0.978688227,0.454264286,0.612377194,0.933779711,0.183048001,0.028127712,106.829,0.584570375,0.38117,0.344069318,0.442725,0,0,0
1245,44480,40.72967,-73.959754,160000,235,77,0.662978406,0.318031147,0.073044285,0.885192017,0.354976107,0.050588036,103.427,0.035611651,0.38117,0.344069318,0.442725,0,0,0
1246,44481,40.72967,-73.959754,160000,321,86,0.995659172,0.461500048,0.82799496,0.961621955,0.112340907,0.073062099,116.196,0.148463534,0.38117,0.344069318,0.442725,0,0,0
1247,44482,40.72967,-73.959754,160000,114,320,0.444403487,0.292353143,0.627309117,0.928426401,0.083638528,0.082762503,194.558,0.170971419,0.38117,0.344069318,0.442725,0,0,0
1248,44483,40.72967,-73.959754,160000,146,148,0.932733371,0.452619655,0.968249053,0.887663217,0.299431612,0.064309885,128.629,0.043271675,0.38117,0.344069318,0.442725,0,0,0
1249,44484,40.72967,-73.959754,160000,243,127,0.913357628,0.318082378,0.795095054,0.95896657,0.100013383,0.07653187,176.915,0.081226347,0.38117,0.344069318,0.442725,0,0,0
1250,44485,40.72967,-73.959754,160000,58,69,0.077402448,0.373611415,0.774920869,0.971050224,0.160446728,0.038183437,89.957,0.16904229,0.38117,0.344069318,0.442725,0,0,0
1251,44486,40.72967,-73.959754,160000,197,117,0.949967003,0.148638611,0.038126695,0.351452778,0.18016571,0.041054513,96.122,0.033586422,0.38117,0.344069318,0.442725,0,0,0
1252,44487,40.72967,-73.959754,160000,34,92,0.995197332,0.75953103,0.226482075,0.033856198,0.121239787,0.037945471,88.495,0.264828499,0.38117,0.344069318,0.442725,0,0.286,0
1299,49285,0,0,256000,381,393,0.814085766,0.529461123,0.365925599,0.013089959,0.095114111,0.674314471,147.015,0.506099721,0.275978,0.251202658,0.436698,0,0,0
1300,49286,0,0,256000,286,522,0.188997298,0.770921216,0.599667224,0.874643238,0.101932572,0.124786453,175.991,0.101215755,0.275978,0.251202658,0.436698,0,0,0
1309,50273,0,0,192000,327,1400,0.001185065,0.650679894,0.786002757,0.926371605,0.102149829,0.040769204,129.024,0.525934518,0.495996,0.474782629,0.353747,0,0,1
1310,50274,0,0,192000,373,1633,0.000807537,0.731872817,0.488265981,0.924129102,0.062308913,0.159969948,130.01,0.368115409,0.255154,0.244241258,0.06657,0,0,1
1311,50399,44.812372,20.462419,252588,243,60,0.035563734,0.635880573,0.786639705,0.915767481,0.326872968,0.057655249,89.987,0.524365679,0.387689,0.371107837,0.324442,0,0,0
1312,50400,44.812372,20.462419,254792,260,73,0.649275549,0.365131806,0.61178094,0.918523148,0.100641014,0.031783723,86.369,0.416486456,0.387689,0.371107837,0.324442,0,0,0
1313,50403,44.812372,20.462419,320000,330,209,0.002529823,0.572086887,0.813977462,0.905205571,0.099068214,0.054846889,150.025,0.865385653,0.387689,0.371107837,0.324442,0,0,0
1314,50411,44.812372,20.462419,320000,424,140,0.870842628,0.395999566,0.720700484,0.82785776,0.130835934,0.172533411,100.116,0.291826489,0.387689,0.371107837,0.324442,0,0,0
1315,50416,44.812372,20.462419,320000,281,665,0.400860237,0.602756066,0.834244152,0.916136612,0.110598518,0.048581609,100.011,0.593483994,0.387689,0.371107837,0.324442,0,0,0
1316,50417,44.812372,20.462419,320000,194,245,0.285551414,0.474931652,0.798646943,0.962625336,0.300016458,0.037475108,150.037,0.038263735,0.387689,0.371107837,0.324442,0,0,0
1319,50466,0,0,192000,258,721,0.012894979,0.652930916,0.72587495,0.041701314,0.085240862,0.105726011,61.283,0.520502573,0.103473,0.099047539,0.062731,0,0.697,0
1349,50860,55.954155,-3.202774,320000,95,1688,0.001366762,0.662475703,0.452532352,0.728596276,0.122309559,0.071818554,145.004,0.903997711,0.404351,0.387057216,0.305943,0,0,1
1350,50861,55.954155,-3.202774,320000,97,1186,0.00291695,0.413491135,0.99325181,0.817256734,0.129934145,0.059093651,187.898,0.322365009,0.404351,0.387057216,0.305943,0,0,1
1351,50862,55.954155,-3.202774,320000,92,1243,3.82E-06,0.630888044,0.404725069,0.853425697,0.174827885,0.039454707,108.933,0.526246784,0.404351,0.387057216,0.305943,0.778,0,1
1352,50863,55.954155,-3.202774,320000,80,1618,0.000369937,0.881480908,0.476476553,0.025389446,0.069216486,0.841739453,78.756,0.738152619,0.404351,0.387057216,0.305943,0,0,1
1353,50864,55.954155,-3.202774,320000,98,1677,0.000110878,0.502055379,0.775336724,0.680935529,0.194034683,0.119599943,190.848,0.96360917,0.404351,0.387057216,0.305943,0,0,1
1354,50865,55.954155,-3.202774,320000,91,1163,0.078295188,0.478591817,0.364756879,0.812503921,0.225079901,0.036966317,180.582,0.409315245,0.404351,0.387057216,0.305943,0.677,0,1
1355,50866,55.954155,-3.202774,320000,138,1470,0.000845629,0.530346965,0.928193433,0.652392351,0.639291449,0.137522317,167.781,0.359261717,0.404351,0.387057216,0.305943,0,0,1
1356,50867,55.954155,-3.202774,320000,59,1674,0.005350791,0.492663406,0.998234542,0.980252766,0.331612071,0.084217691,133.334,0.073759831,0.404351,0.387057216,0.305943,0,0,1
1357,50868,55.954155,-3.202774,320000,124,2000,0.000191636,0.751986782,0.54284002,0.84946159,0.139092795,0.043820245,123.924,0.292475181,0.404351,0.387057216,0.305943,0,0,1
1358,50869,55.954155,-3.202774,320000,164,1776,0.086527337,0.254911229,0.380904038,0.914209924,0.280692288,0.05180582,122.863,0.187599747,0.404351,0.387057216,0.305943,0,0,1
1395,71407,0,0,320000,253,295,0.026703797,0.528181559,0.609157745,0.054040975,0.442989874,0.035257226,100.031,0.261166051,0.395291,0.378384705,0.262491,0,0,0
1437,108939,41.14945,-8.610314,160000,214,409,0.009196798,0.414650129,0.992623168,0.884778743,0.341695646,0.057136239,141.993,0.692841727,0.347099,0.33225384,0.338519,0,0,0